"WhaleID","Species","Sex","Location","Age","Year","Progesterone","DeltaProgesterone","DeltaProgZscore","Pregnancy"
"1006","Fin","Female","Netherlands","1","1944","1.025605547",NA,NA,"0"
"1006","Fin","Female","Netherlands","1.5","1944.5","1.182776792","15.3247264954584","1.16341622905415","1"
"1006","Fin","Female","Netherlands","2","1945","1.08198455","-8.52166213284983","-0.725317258062332","0"
"1006","Fin","Female","Netherlands","2.5","1945.5","1.219563686","12.7154436724628","0.956750141288585","0"
"1006","Fin","Female","Netherlands","3","1946","1.060499325","-13.0427269052024","-1.08340445382446","0"
"1006","Fin","Female","Netherlands","3.5","1946.5","1.226771841","15.6787007855945","1.19145246991976","1"
"1006","Fin","Female","Netherlands","4","1947","1.031458257","-15.9209379831209","-1.31137078158115","0"
"1006","Fin","Female","Netherlands","4.5","1947.5","1.11548051","8.14596736511462","0.594828549940012","0"
"1006","Fin","Female","Netherlands","5","1948","1.099486356","-1.43383536122921","-0.163931801207506","0"
"1006","Fin","Female","Netherlands","5.5","1948.5","1.035640826","-5.80685059451525","-0.510292855684868","0"
"1006","Fin","Female","Netherlands","6","1949","0.992405628","-4.17472900976579","-0.381022015550087","0"
"1006","Fin","Female","Netherlands","6.5","1949.5","1.119942432","12.8512777841683","0.967508769753038","1"
"1006","Fin","Female","Netherlands","7","1950","0.998139383","-10.8758312498691","-0.911777275759576","0"
"1006","Fin","Female","Netherlands","7.5","1950.5","0.816920902","-18.155628771538","-1.4883676170862","0"
"1006","Fin","Female","Netherlands","8","1951","0.816920902","0","-0.0503660573971198","0"
"1006","Fin","Female","Netherlands","8.5","1951.5","0.816920902","0","-0.0503660573971198","0"
"1006","Fin","Female","Netherlands","9","1952","1.001114048","22.5472436253076","1.73546972432532","1"
"1006","Fin","Female","Netherlands","9.5","1952.5","1.164983106","16.3686703155723","1.24610093584353","0"
"1006","Fin","Female","Netherlands","10","1953","1.091041461","-6.34701435747686","-0.553076079741752","0"
"1006","Fin","Female","Netherlands","10.5","1953.5","1.091041461","0","-0.0503660573971198","0"
"1006","Fin","Female","Netherlands","11","1954","1.091041461","0","-0.0503660573971198","0"
"1006","Fin","Female","Netherlands","11.5","1954.5","1.324013056","21.3531385678477","1.6408916209356","1"
"1006","Fin","Female","Netherlands","12","1955","1.083823853","-18.1409995854301","-1.48720892450084","0"
"1006","Fin","Female","Netherlands","12.5","1955.5","1.146071815","5.74336519976923","0.404532432710778","0"
"1006","Fin","Female","Netherlands","13","1956","0.996547489","-13.0466803251767","-1.08371758118351","0"
"1007","Fin","Female","Netherlands","1","1937.5","1.048677883",NA,NA,"0"
"1007","Fin","Female","Netherlands","1.5","1938","0.789698791","-24.6957713324827","-0.949265900391677","0"
"1007","Fin","Female","Netherlands","2","1938.5","1.427793539","80.8022951626882","2.70057275480665","1"
"1007","Fin","Female","Netherlands","2.5","1939","0.943175373","-33.941753675354","-1.26914231975561","0"
"1007","Fin","Female","Netherlands","3","1939.5","1.057620097","12.1339813650966","0.324905840596321","1"
"1007","Fin","Female","Netherlands","3.5","1940","0.965377724","-8.7216925303945","-0.396622499143045","0"
"1007","Fin","Female","Netherlands","4","1940.5","0.735438702","-23.8185547774251","-0.9189174874018","0"
"1007","Fin","Female","Netherlands","4.5","1941","0.903946814","22.9125978197432","0.697805669879229","1"
"1007","Fin","Female","Netherlands","5","1941.5","1.085149824","20.0457601258828","0.598623804458877","0"
"1007","Fin","Female","Netherlands","5.5","1942","0.81081853","-25.2804993313071","-0.969495302918061","0"
"1007","Fin","Female","Netherlands","6","1942.5","0.783316658","-3.39186525497882","-0.212230403044933","0"
"1007","Fin","Female","Netherlands","6.5","1943","0.890553091","13.6900488333544","0.378739957034883","1"
"1007","Fin","Female","Netherlands","7","1943.5","0.967605048","8.6521463772001","0.20444736820879","0"
"1007","Fin","Female","Netherlands","7.5","1944","0.987586917","2.06508523713283","-0.0234403189487072","0"
"1007","Fin","Female","Netherlands","8","1944.5","1.137603989","15.1902652230052","0.430641834974608","1"
"1007","Fin","Female","Netherlands","8.5","1945","0.924702031","-18.7149447486686","-0.742351662236975","0"
"1007","Fin","Female","Netherlands","9","1945.5","1.271763206","37.5322172294439","1.20358984032425","1"
"1007","Fin","Female","Netherlands","9.5","1946","1.057382191","-16.8569914578894","-0.678073425056681","0"
"1007","Fin","Female","Netherlands","10","1946.5","0.799750645","-24.3650354803451","-0.937823676492274","0"
"1007","Fin","Female","Netherlands","10.5","1947","0.92764343","15.9915826013494","0.458364420228784","1"
"1007","Fin","Female","Netherlands","11","1947.5","0.8934563","-3.68537402350816","-0.222384709039414","0"
"1007","Fin","Female","Netherlands","11.5","1948","0.855897702","-4.20374202968852","-0.240318303932945","0"
"1007","Fin","Female","Netherlands","12","1948.5","0.898147068","4.936263516221","0.0758917144915599","0"
"1007","Fin","Female","Netherlands","12.5","1949","0.700438909","-22.0128936611971","-0.856448363946356","0"
"1007","Fin","Female","Netherlands","13","1949.5","0.954842745","36.3206316398394","1.16167350890767","1"
"1007","Fin","Female","Netherlands","13.5","1950","0.866395845","-9.26298078538576","-0.415349048949173","0"
"1007","Fin","Female","Netherlands","14","1950.5","0.528987072","-38.9439509604296","-1.44219964316004","0"
"1007","Fin","Female","Netherlands","14.5","1951","0.448928192","-15.134373643067","-0.618477289340207","0"
"1007","Fin","Female","Netherlands","15","1951.5","0.7394049","64.7044924280452","2.14364896808164","1"
"1007","Fin","Female","Netherlands","15.5","1952","0.599241435","-18.9562531976729","-0.750700032347077","0"
"1007","Fin","Female","Netherlands","16","1952.5","0.995389812","66.1083085818323","2.19221575829024","1"
"1007","Fin","Female","Netherlands","16.5","1953","1.085847241","9.0876386225259","0.219513771640003","0"
"1007","Fin","Female","Netherlands","17","1953.5","1.085847241","0","-0.0948845470295299","0"
"1007","Fin","Female","Netherlands","17.5","1954","0.951452515","-12.3769459391204","-0.52308060049909","0"
"1007","Fin","Female","Netherlands","18","1954.5","1.063491686","11.7755925002731","0.312506925849527","0"
"1007","Fin","Female","Netherlands","18.5","1955","1.324288107","24.5226572462363","0.753507706202805","1"
"1007","Fin","Female","Netherlands","19","1955.5","0.749898452","-43.3734662392464","-1.59544431034223","0"
"1008","Fin","Female","Unknown","1","1903","0.949866075",NA,NA,"0"
"1008","Fin","Female","Unknown","1.5","1903.5","1.070116997","12.659776484806","0.0598157601795651","0"
"1008","Fin","Female","Unknown","2","1904","0.81354675","-23.9759061597262","-0.625249569781006","0"
"1008","Fin","Female","Unknown","2.5","1904.5","1.409396267","73.2409682664211","1.19264777371025","1"
"1008","Fin","Female","Unknown","3","1905","0.999074655","-29.1132892577755","-0.721315557723619","0"
"1008","Fin","Female","Unknown","3.5","1905.5","0.902782103","-9.63817383596825","-0.357142559995902","0"
"1008","Fin","Female","Unknown","4","1906","1.37304243","52.0901251184861","0.797139670840308","1"
"1008","Fin","Female","Unknown","4.5","1906.5","1.046145494","-23.8082180752419","-0.622113903003828","0"
"1008","Fin","Female","Unknown","5","1907","1.046145494","0","-0.176914480087573","0"
"1008","Fin","Female","Unknown","5.5","1907.5","1.046145494","0","-0.176914480087573","0"
"1008","Fin","Female","Unknown","6","1908","1.046145494","0","-0.176914480087573","0"
"1008","Fin","Female","Unknown","6.5","1908.5","1.046145494","0","-0.176914480087573","0"
"1008","Fin","Female","Unknown","7","1909","1.046145494","0","-0.176914480087573","0"
"1008","Fin","Female","Unknown","7.5","1909.5","1.046145494","0","-0.176914480087573","0"
"1008","Fin","Female","Unknown","8","1910","1.046145494","0","-0.176914480087573","0"
"1008","Fin","Female","Unknown","8.5","1910.5","1.046145494","0","-0.176914480087573","0"
"1008","Fin","Female","Unknown","9","1911","1.046145494","0","-0.176914480087573","0"
"1008","Fin","Female","Unknown","9.5","1911.5","1.046145494","0","-0.176914480087573","0"
"1008","Fin","Female","Unknown","10","1912","1.046145494","0","-0.176914480087573","0"
"1008","Fin","Female","Unknown","10.5","1912.5","1.046145494","0","-0.176914480087573","0"
"1008","Fin","Female","Unknown","11","1913","1.046145494","0","-0.176914480087573","0"
"1008","Fin","Female","Unknown","11.5","1913.5","1.046145494","0","-0.176914480087573","0"
"1008","Fin","Female","Unknown","12","1914","1.43583688","37.2502092906783","0.519642130210161","1"
"1008","Fin","Female","Unknown","12.5","1914.5","0.63638246","-55.6786380915359","-1.21807167500137","0"
"1008","Fin","Female","Unknown","13","1915","0.458994136","-27.87448352992","-0.698150632343499","0"
"1008","Fin","Female","Unknown","13.5","1915.5","0.987752555","115.19938437732","1.97724503252307","1"
"1008","Fin","Female","Unknown","14","1916","0.730243304","-26.0702186692901","-0.664411959747256","0"
"1008","Fin","Female","Unknown","14.5","1916.5","1.049754612","43.7540893904588","0.641260793899648","1"
"1008","Fin","Female","Unknown","15","1917","1.151006388","9.64528041530529","0.0034464885993184","0"
"1008","Fin","Female","Unknown","15.5","1917.5","1.370154141","19.0396643567542","0.179115843448518","1"
"1008","Fin","Female","Unknown","16","1918","0.987861106","-27.9014618545754","-0.698655110861372","0"
"1008","Fin","Female","Unknown","16.5","1918.5","0.551260543","-44.1965535790615","-1.00336356947771","0"
"1008","Fin","Female","Unknown","17","1919","1.212664783","119.980333872726","2.06664592550966","1"
"1008","Fin","Female","Unknown","17.5","1919.5","0.743719507","-38.6706435755379","-0.900032361031914","0"
"1008","Fin","Female","Unknown","18","1920","1.049513306","41.116818386747","0.591945405187409","1"
"1008","Fin","Female","Unknown","18.5","1920.5","1.195042784","13.8663776026485","0.082378478634845","0"
"1008","Fin","Female","Unknown","19","1921","0.427375528","-64.2376378718839","-1.37811984622145","0"
"1008","Fin","Female","Unknown","19.5","1921.5","1.065257252","149.255556813258","2.61407506605601","1"
"1008","Fin","Female","Unknown","20","1922","0.930085797","-12.6890903343975","-0.414192871790501","0"
"1008","Fin","Female","Unknown","20.5","1922.5","0.74179411","-20.2445502992666","-0.555475449327227","0"
"1008","Fin","Female","Unknown","21","1923","1.097492861","47.9511425346853","0.719743174725181","1"
"1008","Fin","Female","Unknown","21.5","1923.5","0.775924982","-29.3002251246535","-0.724811146507013","0"
"1008","Fin","Female","Unknown","22","1924","0.775924982","0","-0.176914480087573","0"
"1008","Fin","Female","Unknown","22.5","1924.5","0.334802512","-56.8511750791908","-1.23999741461793","0"
"1008","Fin","Female","Unknown","23","1925","0.334802512","0","-0.176914480087573","0"
"1008","Fin","Female","Unknown","23.5","1925.5","0.673580496","101.187408056245","1.71522946494282","1"
"1008","Fin","Female","Unknown","24","1926","1.194511729","77.3376361241909","1.2692530097844","0"
"1008","Fin","Female","Unknown","24.5","1926.5","0.446252594","-62.6414221672327","-1.34827156827327","0"
"1008","Fin","Female","Unknown","25","1927","0.598508459","34.1187630160868","0.46108595981826","1"
"1008","Fin","Female","Unknown","25.5","1927.5","0.668045781","11.6184359559737","0.0403433157895512","0"
"1008","Fin","Female","Unknown","26","1928","0.893802092","33.7935389191538","0.455004463932451","1"
"1008","Fin","Female","Unknown","26.5","1928.5","1.114659641","24.7098939437255","0.285145741693923","0"
"1008","Fin","Female","Unknown","27","1929","1.18623559","6.42132776385324","-0.0568394956519915","0"
"1008","Fin","Female","Unknown","27.5","1929.5","1.065821725","-10.1509233085816","-0.366730668126742","0"
"1008","Fin","Female","Unknown","28","1930","0.797623158","-25.1635485287185","-0.647457770984275","0"
"1008","Fin","Female","Unknown","28.5","1930.5","1.602798223","100.946801371582","1.71073026400206","1"
"1008","Fin","Female","Unknown","29","1931","1.516607229","-5.37753241569448","-0.277471116481551","0"
"1008","Fin","Female","Unknown","29.5","1931.5","1.237237563","-18.4206998791775","-0.521370538495885","0"
"1008","Fin","Female","Unknown","30","1932","1.351207168","9.21161856124472","-0.00466272841803271","0"
"1008","Fin","Female","Unknown","30.5","1932.5","1.03325386","-23.5310554539628","-0.616931127936099","0"
"1008","Fin","Female","Unknown","31","1933","1.463597668","41.6493782079846","0.601903954976146","1"
"1008","Fin","Female","Unknown","31.5","1933.5","1.379814838","-5.72444407584285","-0.283958156814132","0"
"1008","Fin","Female","Unknown","32","1934","0.952791495","-30.9478729493123","-0.755621174304522","0"
"1008","Fin","Female","Unknown","32.5","1934.5","0.887720098","-6.82955267143732","-0.304623025871681","0"
"1008","Fin","Female","Unknown","33","1935","0.867754052","-2.2491375429015","-0.218972005476266","0"
"1008","Fin","Female","Unknown","33.5","1935.5","1.11436178","28.4190811246134","0.354505321113135","1"
"1008","Fin","Female","Unknown","34","1936","1.271246823","14.0784658820585","0.0863444024726654","0"
"1008","Fin","Female","Unknown","34.5","1936.5","0.985459797","-22.480844854784","-0.597292818541531","0"
"1008","Fin","Female","Unknown","35","1937","1.216024567","23.3966693214579","0.260589227546359","1"
"1008","Fin","Female","Unknown","35.5","1937.5","1.429669249","17.5691090293573","0.151617339316269","0"
"1008","Fin","Female","Unknown","36","1938","1.084862711","-24.1179236555014","-0.627905211919503","0"
"1008","Fin","Female","Unknown","36.5","1938.5","1.181363359","8.89519448143332","-0.0105796692526488","0"
"1008","Fin","Female","Unknown","37","1939","1.428638455","20.9313327788762","0.214488910312073","1"
"1008","Fin","Female","Unknown","37.5","1939.5","0.922436021","-35.4325079398762","-0.839481163467898","0"
"1008","Fin","Female","Unknown","38","1940","0.453568785","-50.829241847224","-1.12739086879248","0"
"1008","Fin","Female","Unknown","38.5","1940.5","0.727106371","60.3078507706389","0.950806220199877","1"
"1008","Fin","Female","Unknown","39","1941","0.641674001","-11.7496384858385","-0.396625684716094","0"
"1008","Fin","Female","Unknown","39.5","1941.5","0.985334745","53.5569063830591","0.824567602257458","1"
"1008","Fin","Female","Unknown","40","1942","0.494198358","-49.8446228037965","-1.10897908221774","0"
"1008","Fin","Female","Unknown","40.5","1942.5","0.482124617","-2.44309613833238","-0.222598915078765","0"
"1008","Fin","Female","Unknown","41","1943","0.399968308","-17.0404717168798","-0.495561098267904","0"
"1008","Fin","Female","Unknown","41.5","1943.5","0.289242075","-27.6837516336419","-0.694584060083182","0"
"1008","Fin","Female","Unknown","42","1944","0.536085341","85.3414103048459","1.41891879472969","1"
"1008","Fin","Female","Unknown","42.5","1944.5","0.485608543","-9.41581388997541","-0.352984562143108","0"
"1008","Fin","Female","Unknown","43","1945","0.485608543","0","-0.176914480087573","0"
"1008","Fin","Female","Unknown","43.5","1945.5","0.482572485","-0.625206875736535","-0.188605474323325","0"
"1008","Fin","Female","Unknown","44","1946","0.58430934","21.082191414208","0.217309876466674","1"
"1008","Fin","Female","Unknown","44.5","1946.5","0.16349948","-72.0183353564056","-1.52361423051547","0"
"1008","Fin","Female","Unknown","45","1947","0.541236206","231.032371479102","4.14325253671363","1"
"1008","Fin","Female","Unknown","45.5","1947.5","0.287254338","-46.926252380093","-1.054407302659","0"
"1008","Fin","Female","Unknown","46","1948","0.405391909","41.1264706470682","0.592125896676157","1"
"1008","Fin","Female","Unknown","46.5","1948.5","0.482193365","18.9449898468497","0.177345486799348","0"
"1008","Fin","Female","Unknown","47","1949","0.817195031","69.4745490743117","1.12221798994868","1"
"1008","Fin","Female","Unknown","47.5","1949.5","0.503362621","-38.4036121237747","-0.895039032768128","0"
"1008","Fin","Female","Unknown","48","1950","0.497567485","-1.15128453290535","-0.198442811525148","0"
"1008","Fin","Female","Unknown","48.5","1950.5","0.527614398","6.03876135515567","-0.0639932584342811","0"
"1008","Fin","Female","Unknown","49","1951","0.515717919","-2.25476769494831","-0.219077285948507","0"
"1008","Fin","Female","Unknown","49.5","1951.5","0.722053335","40.0093555795179","0.571236513781869","1"
"1008","Fin","Female","Unknown","50","1952","0.693636641","-3.93553947091734","-0.250506711802661","0"
"1008","Fin","Female","Unknown","50.5","1952.5","0.281198983","-59.4601890415417","-1.28878441357552","0"
"1008","Fin","Female","Unknown","51","1953","0.178419842","-36.5503245792322","-0.860383665334889","0"
"1008","Fin","Female","Unknown","51.5","1953.5","0.452030469","153.352129411705","2.69067852083786","1"
"1008","Fin","Female","Unknown","52","1954","0.247714745","-45.1995469358505","-1.02211894471076","0"
"1008","Fin","Female","Unknown","52.5","1954.5","0.795993086","221.334560040017","3.96190926933483","1"
"1008","Fin","Female","Unknown","53","1955","0.253558908","-68.145589143974","-1.45119619513681","0"
"1009","Fin","Female","Unknown","1","1916.5","0.489229265",NA,NA,"0"
"1009","Fin","Female","Unknown","1.5","1917","0.577691787","18.0820176405432","0.162006420720713","0"
"1009","Fin","Female","Unknown","2","1917.5","0.392974587","-31.9750434672529","-0.811084178064672","0"
"1009","Fin","Female","Unknown","2.5","1918","0.591110339","50.4194822145077","0.79063467154264","1"
"1009","Fin","Female","Unknown","3","1918.5","0.333991766","-43.4975597677712","-1.0350775975393","0"
"1009","Fin","Female","Unknown","3.5","1919","0.979492934","193.268587345953","3.56756799867049","1"
"1009","Fin","Female","Unknown","4","1919.5","0.897995936","-8.32032525923255","-0.351245278302395","0"
"1009","Fin","Female","Unknown","4.5","1920","0.86106861","-4.11219299771976","-0.269440756592553","0"
"1009","Fin","Female","Unknown","5","1920.5","1.062080879","23.3445124657372","0.264307357436221","0"
"1009","Fin","Female","Unknown","5.5","1921","0.814562908","-23.3050020854391","-0.642541807158098","0"
"1009","Fin","Female","Unknown","6","1921.5","0.858875778","5.44007952790309","-0.083748141284943","0"
"1009","Fin","Female","Unknown","6.5","1922","0.858875778","0","-0.189501258389592","0"
"1009","Fin","Female","Unknown","7","1922.5","0.49127246","-42.8005221961214","-1.02152744711173","0"
"1009","Fin","Female","Unknown","7.5","1923","0.514343919","4.69626548982615","-0.0982076087742267","0"
"1009","Fin","Female","Unknown","8","1923.5","0.514343919","0","-0.189501258389592","0"
"1009","Fin","Female","Unknown","8.5","1924","0.878841763","70.8665603957495","1.18811824549735","1"
"1009","Fin","Female","Unknown","9","1924.5","0.878841763","0","-0.189501258389592","0"
"1009","Fin","Female","Unknown","9.5","1925","0.95305078","8.44395659426576","-0.0253538914329619","0"
"1009","Fin","Female","Unknown","10","1925.5","0.498894007","-47.6529459427125","-1.11585675499824","0"
"1009","Fin","Female","Unknown","10.5","1926","0.907330729","81.8684362347933","1.40199060857762","1"
"1009","Fin","Female","Unknown","11","1926.5","0.677485974","-25.3319707636619","-0.681945322289828","0"
"1009","Fin","Female","Unknown","11.5","1927","1.230274044","81.5940242624123","1.3966561421785","1"
"1009","Fin","Female","Unknown","12","1927.5","0.775847787","-36.9369945839482","-0.907542657176959","0"
"1009","Fin","Female","Unknown","12.5","1928","0.775847787","0","-0.189501258389592","0"
"1009","Fin","Female","Unknown","13","1928.5","0.529459665","-31.7572758636998","-0.806850857069634","0"
"1009","Fin","Female","Unknown","13.5","1929","0.925555962","74.8114206206813","1.26480485700531","1"
"1009","Fin","Female","Unknown","14","1929.5","0.507176036","-45.2030934030113","-1.06823253531702","0"
"1009","Fin","Female","Unknown","14.5","1930","0.333816403","-34.1813533555832","-0.853974019434267","0"
"1009","Fin","Female","Unknown","15","1930.5","0.727603573","117.965194778041","2.10369813210599","1"
"1009","Fin","Female","Unknown","15.5","1931","0.727603573","0","-0.189501258389592","0"
"1009","Fin","Female","Unknown","16","1931.5","1.259105261","73.0482515098919","1.23052950707849","1"
"1009","Fin","Female","Unknown","16.5","1932","0.931855749","-25.9906397134814","-0.694749601018877","0"
"1009","Fin","Female","Unknown","17","1932.5","0.68034713","-26.9900807361977","-0.71417836175158","0"
"1009","Fin","Female","Unknown","17.5","1933","0.206758941","-69.6097871391035","-1.54268955889019","0"
"1009","Fin","Female","Unknown","18","1933.5","0.206758941","0","-0.189501258389592","0"
"1009","Fin","Female","Unknown","18.5","1934","0.475233789","129.849208310658","2.33471892294956","1"
"1009","Fin","Female","Unknown","19","1934.5","0.680549317","43.2030576849408","0.650350070106619","0"
"1009","Fin","Female","Unknown","19.5","1935","0.402183793","-40.9030641933625","-0.984641571209058","0"
"1009","Fin","Female","Unknown","20","1935.5","0.402183793","0","-0.189501258389592","0"
"1009","Fin","Female","Unknown","20.5","1936","0.504474923","25.4339264237831","0.304924785518285","0"
"1009","Fin","Female","Unknown","21","1936.5","0.665777653","31.9743802210759","0.432068768027171","0"
"1009","Fin","Female","Unknown","21.5","1937","0.665777653","0","-0.189501258389592","0"
"1009","Fin","Female","Unknown","22","1937.5","0.428021213","-35.7110874672148","-0.883711480038764","0"
"1009","Fin","Female","Unknown","22.5","1938","0.428021213","0","-0.189501258389592","0"
"1009","Fin","Female","Unknown","23","1938.5","1.334663445","211.821798654638","3.92823550695432","1"
"1009","Fin","Female","Unknown","23.5","1939","1.334663445","0","-0.189501258389592","0"
"1009","Fin","Female","Unknown","24","1939.5","1.348139046","1.00966285174613","-0.169873789112855","0"
"1009","Fin","Female","Unknown","24.5","1940","1.348139046","0","-0.189501258389592","0"
"1009","Fin","Female","Unknown","25","1940.5","0.409598674","-69.6174756442742","-1.54283902056323","0"
"1009","Fin","Female","Unknown","25.5","1941","0.634776425","54.9752148367551","0.879196414625044","1"
"1009","Fin","Female","Unknown","26","1941.5","0.634776425","0","-0.189501258389592","0"
"1009","Fin","Female","Unknown","26.5","1942","0.643278935","1.33944955501459","-0.1634628585977","0"
"1009","Fin","Female","Unknown","27","1942.5","0.835146932","29.8265630289915","0.390316002857313","0"
"1009","Fin","Female","Unknown","27.5","1943","0.835146932","0","-0.189501258389592","0"
"1009","Fin","Female","Unknown","28","1943.5","0.329634383","-60.5297738194888","-1.36617748641483","0"
"1009","Fin","Female","Unknown","28.5","1944","0.329634383","0","-0.189501258389592","0"
"1009","Fin","Female","Unknown","29","1944.5","0.465188994","41.1227159516306","0.609909002689862","1"
"1009","Fin","Female","Unknown","29.5","1945","0.465188994","0","-0.189501258389592","0"
"1009","Fin","Female","Unknown","30","1945.5","0.637911477","37.1295291220927","0.532282940012128","0"
"1009","Fin","Female","Unknown","30.5","1946","0.637911477","0","-0.189501258389592","0"
"1009","Fin","Female","Unknown","31","1946.5","0.637911477","0","-0.189501258389592","0"
"1009","Fin","Female","Unknown","31.5","1947","0.596338963","-6.5169722600868","-0.316188768572804","0"
"1009","Fin","Female","Unknown","32","1947.5","0.596338963","0","-0.189501258389592","0"
"1009","Fin","Female","Unknown","32.5","1948","0.596338963","0","-0.189501258389592","0"
"1009","Fin","Female","Unknown","33","1948.5","0.328049603","-44.9894064694881","-1.06407854102545","0"
"1009","Fin","Female","Unknown","33.5","1949","0.328049603","0","-0.189501258389592","0"
"1009","Fin","Female","Unknown","34","1949.5","0.83857809","155.625393943854","2.83579835824034","1"
"1009","Fin","Female","Unknown","34.5","1950","0.660117016","-21.2813900253464","-0.603203543430939","0"
"1009","Fin","Female","Unknown","35","1950.5","0.512383266","-22.3799336207385","-0.624558821215426","0"
"1009","Fin","Female","Unknown","35.5","1951","0.512383266","0","-0.189501258389592","0"
"1009","Fin","Female","Unknown","36","1951.5","0.452261948","-11.733661497056","-0.417599261736755","0"
"1009","Fin","Female","Unknown","36.5","1952","0.629977107","39.2947405338642","0.5743738423254","1"
"1009","Fin","Female","Unknown","37","1952.5","0.23786033","-62.2430200467586","-1.39948235410513","0"
"1009","Fin","Female","Unknown","37.5","1953","0.23786033","0","-0.189501258389592","0"
"1009","Fin","Female","Unknown","38","1953.5","0.23786033","0","-0.189501258389592","0"
"1009","Fin","Female","Unknown","38.5","1954","0.443102923","86.2870210429793","1.48788624930496","1"
"1009","Fin","Female","Unknown","39","1954.5","0.443102923","0","-0.189501258389592","0"
"1009","Fin","Female","Unknown","39.5","1955","0.443102923","0","-0.189501258389592","0"
"1009","Fin","Female","Unknown","40","1955.5","0.524908339","18.4619445627083","0.169392058391053","0"
"1009","Fin","Female","Unknown","40.5","1956","0.524908339","0","-0.189501258389592","0"
"1009","Fin","Female","Unknown","41","1956.5","0.363045102","-30.8364765757703","-0.788950862331171","0"
"1009","Fin","Female","Unknown","41.5","1957","0.363045102","0","-0.189501258389592","0"
"1009","Fin","Female","Unknown","42","1957.5","0.722400449","98.9836648450362","1.73470426950998","1"
"1009","Fin","Female","Unknown","42.5","1958","0.722400449","0","-0.189501258389592","0"
"1009","Fin","Female","Unknown","43","1958.5","0.668149123","-7.5098688096192","-0.335490307187622","0"
"1009","Fin","Female","Unknown","43.5","1959","0.668149123","0","-0.189501258389592","0"
"1009","Fin","Female","Unknown","44","1959.5","0.276187136","-58.6638481601359","-1.32990458750775","0"
"1009","Fin","Female","Unknown","44.5","1960","0.448522775","62.398141164692","1.02349533400501","1"
"1009","Fin","Female","Unknown","45","1960.5","0.448522775","0","-0.189501258389592","0"
"1009","Fin","Female","Unknown","45.5","1961","0.47983386","6.9809353605288","-0.0537944785722477","0"
"1009","Fin","Female","Unknown","46","1961.5","0.267330011","-44.2869640337595","-1.05042332205597","0"
"1009","Fin","Female","Unknown","46.5","1962","0.343482777","28.486426090036","0.364264240577975","0"
"1009","Fin","Female","Unknown","47","1962.5","0.322505476","-6.10723518169297","-0.308223632583294","0"
"1009","Fin","Female","Unknown","47.5","1963","0.532064892","64.978560550085","1.07365772447061","1"
"1009","Fin","Female","Unknown","48","1963.5","0.341979869","-35.725909726064","-0.883999619222722","0"
"1014","Fin","Female","Southern Harvester","1","1914","2.67975933",NA,NA,"0"
"1014","Fin","Female","Southern Harvester","1.5","1914.5","1.282576037","-52.1383871065765","-1.74906073578912","0"
"1014","Fin","Female","Southern Harvester","2","1915","1.439314247","12.2205783889911","0.28618476371224","0"
"1014","Fin","Female","Southern Harvester","2.5","1915.5","1.751411202","21.6837258194666","0.585441099961454","1"
"1014","Fin","Female","Southern Harvester","3","1916","1.756963511","0.317019155390787","-0.0902455466833073","0"
"1014","Fin","Female","Southern Harvester","3.5","1916.5","1.38062663","-21.4197323190737","-0.777634246478836","0"
"1014","Fin","Female","Southern Harvester","4","1917","1.953916451","41.5238854982828","1.21285323104178","1"
"1014","Fin","Female","Southern Harvester","4.5","1917.5","1.41266202","-27.7010017865907","-0.976268971516479","0"
"1014","Fin","Female","Southern Harvester","5","1918","1.468856912","3.97794314594796","0.0255251003186428","1"
"1014","Fin","Female","Southern Harvester","5.5","1918.5","1.412605824","-3.82958255092447","-0.221374945610392","0"
"1014","Fin","Female","Southern Harvester","6","1919","0.96150578","-31.9338938248636","-1.11012715901894","0"
"1014","Fin","Female","Southern Harvester","6.5","1919.5","1.199866576","24.7903653787708","0.6836834214929","1"
"1014","Fin","Female","Southern Harvester","7","1920","0.828953501","-30.9128600145288","-1.07783865886482","0"
"1014","Fin","Female","Southern Harvester","7.5","1920.5","0.899221613","8.47672540320209","0.167791624831745","0"
"1014","Fin","Female","Southern Harvester","8","1921","1.606544132","78.6594215234905","2.38720294261506","1"
"1014","Fin","Female","Southern Harvester","8.5","1921.5","1.606544132","0","-0.100270751474849","0"
"1014","Fin","Female","Southern Harvester","9","1922","1.329691558","-17.2328022919199","-0.645229531317917","0"
"1014","Fin","Female","Southern Harvester","9.5","1922.5","1.437082752","8.07639887264743","0.155131962524114","1"
"1014","Fin","Female","Southern Harvester","10","1923","1.03404815","-28.0453301272382","-0.987157783980406","0"
"1014","Fin","Female","Southern Harvester","10.5","1923.5","0.987461782","-4.50524165630005","-0.242741543765353","0"
"1014","Fin","Female","Southern Harvester","11","1924","0.826033383","-16.3478123348778","-0.617243192300429","0"
"1014","Fin","Female","Southern Harvester","11.5","1924.5","1.040868835","26.0080835013904","0.72219173668472","1"
"1014","Fin","Female","Southern Harvester","12","1925","1.040868835","0","-0.100270751474849","0"
"1014","Fin","Female","Southern Harvester","12.5","1925.5","0.960204472","-7.74971449692794","-0.345342614125893","0"
"1014","Fin","Female","Southern Harvester","13","1926","0.900080557","-6.26157414938597","-0.29828264475504","0"
"1014","Fin","Female","Southern Harvester","13.5","1926.5","1.435040825","59.434709908971","1.77925333541764","1"
"1014","Fin","Female","Southern Harvester","14","1927","1.585043147","10.452826106881","0.230282530842359","0"
"1014","Fin","Female","Southern Harvester","14.5","1927.5","1.585043147","0","-0.100270751474849","0"
"1014","Fin","Female","Southern Harvester","15","1928","1.177526134","-25.7101526713203","-0.913311671459823","0"
"1014","Fin","Female","Southern Harvester","15.5","1928.5","1.177526134","0","-0.100270751474849","0"
"1014","Fin","Female","Southern Harvester","16","1929","1.03572211","-12.0425373081359","-0.481096012885378","0"
"1014","Fin","Female","Southern Harvester","16.5","1929.5","1.231431233","18.8959105063423","0.497281066222752","0"
"1014","Fin","Female","Southern Harvester","17","1930","1.587146315","28.8863131344664","0.813210973276594","1"
"1014","Fin","Female","Southern Harvester","17.5","1930.5","0.733309951","-53.7969534333701","-1.80151014398328","0"
"1014","Fin","Female","Southern Harvester","18","1931","1.763066747","140.425858751234","4.34046403716536","1"
"1014","Fin","Female","Southern Harvester","18.5","1931.5","1.763066747","0","-0.100270751474849","0"
"1014","Fin","Female","Southern Harvester","19","1932","1.070089302","-39.3052302857596","-1.34323344408472","0"
"1014","Fin","Female","Southern Harvester","19.5","1932.5","1.00751178","-5.84787847921126","-0.285200205588981","0"
"1014","Fin","Female","Southern Harvester","20","1933","0.846876424","-15.9437695110622","-0.604466008384488","0"
"1014","Fin","Female","Southern Harvester","20.5","1933.5","0.846876424","0","-0.100270751474849","0"
"1014","Fin","Female","Southern Harvester","21","1934","0.846876424","0","-0.100270751474849","0"
"1014","Fin","Female","Southern Harvester","21.5","1934.5","0.846876424","0","-0.100270751474849","0"
"1014","Fin","Female","Southern Harvester","22","1935","0.997634827","17.8017003104103","0.462678484288268","1"
"1014","Fin","Female","Southern Harvester","22.5","1935.5","0.997634827","0","-0.100270751474849","0"
"1014","Fin","Female","Southern Harvester","23","1936","0.997634827","0","-0.100270751474849","0"
"1014","Fin","Female","Southern Harvester","23.5","1936.5","1.50759426","51.1168434780395","1.51621461053055","1"
"1014","Fin","Female","Southern Harvester","24","1937","1.50759426","0","-0.100270751474849","0"
"1014","Fin","Female","Southern Harvester","24.5","1937.5","1.50759426","0","-0.100270751474849","0"
"1014","Fin","Female","Southern Harvester","25","1938","1.586650848","5.24389022282426","0.0655585761674249","1"
"1014","Fin","Female","Southern Harvester","25.5","1938.5","0.642601841","-59.4994801906159","-1.98184309105761","0"
"1014","Fin","Female","Southern Harvester","26","1939","0.642601841","0","-0.100270751474849","0"
"1014","Fin","Female","Southern Harvester","26.5","1939.5","0.642601841","0","-0.100270751474849","0"
"1014","Fin","Female","Southern Harvester","27","1940","0.831155503","29.3422225038412","0.827628350638954","1"
"1014","Fin","Female","Southern Harvester","27.5","1940.5","0.831155503","0","-0.100270751474849","0"
"1014","Fin","Female","Southern Harvester","28","1941","0.831155503","0","-0.100270751474849","0"
"1014","Fin","Female","Southern Harvester","28.5","1941.5","1.071443424","28.9101040819313","0.813963322516271","1"
"1014","Fin","Female","Southern Harvester","29","1942","1.071443424","0","-0.100270751474849","0"
"1014","Fin","Female","Southern Harvester","29.5","1942.5","1.071443424","0","-0.100270751474849","0"
"1014","Fin","Female","Southern Harvester","30","1943","1.071443424","0","-0.100270751474849","0"
"1014","Fin","Female","Southern Harvester","30.5","1943.5","1.088033362","1.54837274917094","-0.0513060323399873","0"
"1014","Fin","Female","Southern Harvester","31","1944","1.625365216","49.3856045932533","1.46146705326806","1"
"1014","Fin","Female","Southern Harvester","31.5","1944.5","1.06639625","-34.39036103994","-1.18780885892913","0"
"1014","Fin","Female","Southern Harvester","32","1945","1.316765065","23.4780284533071","0.642182943652507","1"
"1014","Fin","Female","Southern Harvester","32.5","1945.5","1.316765065","0","-0.100270751474849","0"
"1014","Fin","Female","Southern Harvester","33","1946","1.024203633","-22.2181951645262","-0.802884309157951","0"
"1014","Fin","Female","Southern Harvester","33.5","1946.5","1.766907111","72.5152161220659","2.1929026412511","1"
"1014","Fin","Female","Southern Harvester","34","1947","1.766907111","0","-0.100270751474849","0"
"1014","Fin","Female","Southern Harvester","34.5","1947.5","1.437001209","-18.6713777960453","-0.690722094753634","0"
"1014","Fin","Female","Southern Harvester","35","1948","1.437001209","0","-0.100270751474849","0"
"1014","Fin","Female","Southern Harvester","35.5","1948.5","1.014627438","-29.3927220349332","-1.02976681747069","0"
"1014","Fin","Female","Southern Harvester","36","1949","1.704168427","67.9600179509437","2.04885205706712","1"
"1014","Fin","Female","Southern Harvester","36.5","1949.5","1.646269816","-3.39746999666717","-0.207710103042487","0"
"1014","Fin","Female","Southern Harvester","37","1950","1.646269816","0","-0.100270751474849","0"
"1014","Fin","Female","Southern Harvester","37.5","1950.5","1.306803117","-20.6203561348658","-0.752355300976987","0"
"1014","Fin","Female","Southern Harvester","38","1951","1.628735875","24.6351385156667","0.678774629499404","1"
"1014","Fin","Female","Southern Harvester","38.5","1951.5","1.628735875","0","-0.100270751474849","0"
"1014","Fin","Female","Southern Harvester","39","1952","1.628735875","0","-0.100270751474849","0"
"1014","Fin","Female","Southern Harvester","39.5","1952.5","1.628735875","0","-0.100270751474849","0"
"1014","Fin","Female","Southern Harvester","40","1953","1.262049051","-22.5135842851131","-0.812225499987342","0"
"1014","Fin","Female","Southern Harvester","40.5","1953.5","1.262049051","0","-0.100270751474849","0"
"1014","Fin","Female","Southern Harvester","41","1954","2.127227698","68.5534881797554","2.0676195683684","1"
"1014","Fin","Female","Southern Harvester","41.5","1954.5","0.934725801","-56.0589681171028","-1.87304260522507","0"
"1020","Humpback","Female","Alaska","2","1956","2.275884904",NA,NA,"0"
"1020","Humpback","Female","Alaska","2.5","1956.5","2.209637081","-2.91085998609007","-0.255693791552231","0"
"1020","Humpback","Female","Alaska","3","1957","2.209637081","0","-0.0906166412466539","0"
"1020","Humpback","Female","Alaska","3.5","1957.5","1.889592561","-14.4840310090723","-0.912017387191458","0"
"1020","Humpback","Female","Alaska","4","1958","2.064264212","9.24387905652852","0.433610982106274","1"
"1020","Humpback","Female","Alaska","4.5","1958.5","1.717928264","-16.7776947343599","-1.04209285400851","0"
"1020","Humpback","Female","Alaska","5","1959","2.52168794","46.7865680333204","2.56268628655674","1"
"1020","Humpback","Female","Alaska","5.5","1959.5","2.599684805","3.09304191699469","0.084792189089778","0"
"1020","Humpback","Female","Alaska","6","1960","2.079526629","-20.0085093008035","-1.22531487923228","0"
"1020","Humpback","Female","Alaska","6.5","1960.5","2.469260656","18.7414780635637","0.972227262627684","1"
"1020","Humpback","Female","Alaska","7","1961","2.587133208","4.77359697582288","0.180097783095904","0"
"1020","Humpback","Female","Alaska","7.5","1961.5","2.392307581","-7.53056032822567","-0.517680617229063","0"
"1020","Humpback","Female","Alaska","8","1962","1.946523133","-18.6340774714955","-1.14736977340251","0"
"1020","Humpback","Female","Alaska","8.5","1962.5","2.008477524","3.18282325802701","0.0898837592783314","0"
"1020","Humpback","Female","Alaska","9","1963","2.450738285","22.0197017748654","1.15813789759875","1"
"1020","Humpback","Female","Alaska","9.5","1963.5","2.570528108","4.88790760454457","0.186580428406633","0"
"1020","Humpback","Female","Alaska","10","1964","2.373899597","-7.64934296528611","-0.524416873636248","0"
"1020","Humpback","Female","Alaska","10.5","1964.5","2.37578739","0.079522866189707","-0.086106837203361","0"
"1020","Humpback","Female","Alaska","11","1965","2.128765312","-10.3974824952666","-0.68026601939356","0"
"1020","Humpback","Female","Alaska","11.5","1965.5","2.237274562","5.09728570774457","0.198454424675025","1"
"1020","Humpback","Female","Alaska","12","1966","2.168441409","-3.07665201978906","-0.265095987671996","0"
"1020","Humpback","Female","Alaska","12.5","1966.5","1.932484577","-10.8814022376013","-0.707709487105155","0"
"1020","Humpback","Female","Alaska","13","1967","1.741538056","-9.88088201440793","-0.650969201396766","0"
"1020","Humpback","Female","Alaska","13.5","1967.5","2.207892401","26.7783034308841","1.42800192560722","1"
"1020","Humpback","Female","Alaska","14","1968","2.455760608","11.2264622536739","0.546044828458358","0"
"1020","Humpback","Female","Alaska","14.5","1968.5","2.455760608","0","-0.0906166412466539","0"
"1020","Humpback","Female","Alaska","15","1969","2.455760608","0","-0.0906166412466539","0"
"1020","Humpback","Female","Alaska","15.5","1969.5","2.204411293","-10.2350902682123","-0.671056628972176","0"
"1020","Humpback","Female","Alaska","16","1970","2.204411293","0","-0.0906166412466539","0"
"1020","Humpback","Female","Alaska","16.5","1970.5","2.204411293","0","-0.0906166412466539","0"
"1020","Humpback","Female","Alaska","17","1971","1.670824772","-24.2053977265666","-1.46332370988237","0"
"1020","Humpback","Female","Alaska","17.5","1971.5","2.113055633","26.4678180747011","1.41039405781035","1"
"1020","Humpback","Female","Alaska","18","1972","2.442093938","15.5716820637065","0.79246564811963","0"
"1020","Humpback","Female","Alaska","18.5","1972.5","2.433275108","-0.361117558287803","-0.111095900892368","0"
"1020","Humpback","Female","Alaska","19","1973","1.919751151","-21.104229246897","-1.28745401580994","0"
"1020","Humpback","Female","Alaska","19.5","1973.5","1.929473303","0.506427720849947","-0.0618967284397345","0"
"1020","Humpback","Female","Alaska","20","1974","1.744418577","-9.59094514094969","-0.634526654153783","0"
"1020","Humpback","Female","Alaska","20.5","1974.5","1.744418577","0","-0.0906166412466539","0"
"1020","Humpback","Female","Alaska","21","1975","2.277717451","30.5717263638153","1.64312991206639","1"
"1020","Humpback","Female","Alaska","21.5","1975.5","2.246123839","-1.38707336092671","-0.169278658238452","0"
"1020","Humpback","Female","Alaska","22","1976","2.194127326","-2.3149441761479","-0.221898939104028","0"
"1020","Humpback","Female","Alaska","22.5","1976.5","1.96681038","-10.3602440617888","-0.678154198656826","0"
"1020","Humpback","Female","Alaska","23","1977","2.220836737","12.9156506180326","0.641840023984828","1"
"1020","Humpback","Female","Alaska","23.5","1977.5","2.486715201","11.9719950399938","0.588324576853393","0"
"1020","Humpback","Female","Alaska","24","1978","2.641525453","6.22549184312482","0.262435878498231","0"
"1020","Humpback","Female","Alaska","24.5","1978.5","2.717283498","2.86796573979483","0.0720279427463004","0"
"1020","Humpback","Female","Alaska","25","1979","2.359994064","-13.1487728189928","-0.836293849132665","0"
"1020","Humpback","Female","Alaska","25.5","1979.5","2.237457426","-5.19224348354122","-0.385072837027816","0"
"1020","Humpback","Female","Alaska","26","1980","2.237457426","0","-0.0906166412466539","0"
"1020","Humpback","Female","Alaska","26.5","1980.5","2.778137928","24.1649515077745","1.27979669063404","1"
"1020","Humpback","Female","Alaska","27","1981","2.374505389","-14.5288876744352","-0.91456124382685","0"
"1020","Humpback","Female","Alaska","27.5","1981.5","2.58984853","9.06896829957036","0.423691656046477","1"
"1020","Humpback","Female","Alaska","28","1982","2.075961225","-19.8423691211007","-1.21589293947989","0"
"1020","Humpback","Female","Alaska","28.5","1982.5","2.075961225","0","-0.0906166412466539","0"
"1020","Humpback","Female","Alaska","29","1983","2.316540187","11.5887984372155","0.56659319729694","1"
"1020","Humpback","Female","Alaska","29.5","1983.5","2.106577899","-9.06361517828485","-0.604621358837815","0"
"1020","Humpback","Female","Alaska","30","1984","2.432684066","15.4803754067108","0.787287576067795","1"
"1020","Humpback","Female","Alaska","30.5","1984.5","1.221240381","-49.7986443012284","-2.91473677399476","0"
"1020","Humpback","Female","Alaska","31","1985","2.089943531","71.1328550476419","3.94338329707984","1"
"1020","Humpback","Female","Alaska","31.5","1985.5","2.244597298","7.39990170576528","0.329037581892374","0"
"1020","Humpback","Female","Alaska","32","1986","1.869168306","-16.7258952122288","-1.03915526252646","0"
"1020","Humpback","Female","Alaska","32.5","1986.5","2.072471396","10.8766604562789","0.526207294478134","1"
"1020","Humpback","Female","Alaska","33","1987","2.072471396","0","-0.0906166412466539","0"
"1020","Humpback","Female","Alaska","33.5","1987.5","2.62499655","26.6602065083459","1.42130455660782","1"
"1020","Humpback","Female","Alaska","34","1988","2.65667762","1.20689949097266","-0.0221724255760026","0"
"1020","Humpback","Female","Alaska","34.5","1988.5","1.947728401","-26.6855569401002","-1.60397548194654","0"
"1020","Humpback","Female","Alaska","35","1989","2.479191909","27.2863253278607","1.45681224539124","1"
"1020","Humpback","Female","Alaska","35.5","1989.5","2.137714663","-13.7737318664345","-0.871735766333206","0"
"1020","Humpback","Female","Alaska","36","1990","2.423155617","13.352621794689","0.666621001755248","1"
"1020","Humpback","Female","Alaska","36.5","1990.5","2.24244936","-7.45747634746315","-0.513535967422849","0"
"1020","Humpback","Female","Alaska","37","1991","2.327060684","3.77316542835999","0.123362526257666","1"
"1020","Humpback","Female","Alaska","37.5","1991.5","2.139883478","-8.04350343276223","-0.546770022549285","0"
"1020","Humpback","Female","Alaska","38","1992","2.465348748","15.2094856260206","0.771925204378012","1"
"1020","Humpback","Female","Alaska","38.5","1992.5","2.218929584","-9.9953065139326","-0.657458304409943","0"
"1020","Humpback","Female","Alaska","39","1993","1.99331148","-10.1678802980888","-0.667245098911256","0"
"1020","Humpback","Female","Alaska","39.5","1993.5","2.04158389","2.42171935918415","0.0467209608930311","1"
"1020","Humpback","Female","Alaska","40","1994","1.658790109","-18.7498433385463","-1.15393494641898","0"
"1020","Humpback","Female","Alaska","40.5","1994.5","2.283006669","37.6308344626138","2.04345746276178","1"
"1020","Humpback","Female","Alaska","41","1995","2.138193207","-6.34310288998985","-0.450338975600868","0"
"1020","Humpback","Female","Alaska","41.5","1995.5","1.960579332","-8.30672711981916","-0.561697644063177","0"
"1020","Humpback","Female","Alaska","42","1996","2.345121069","19.6136790143415","1.02169046186648","1"
"1020","Humpback","Female","Alaska","42.5","1996.5","2.124379991","-9.4127796179891","-0.624422747764062","0"
"1020","Humpback","Female","Alaska","43","1997","2.124379991","0","-0.0906166412466539","0"
"1020","Humpback","Female","Alaska","43.5","1997.5","1.855055173","-12.6778080729908","-0.809585069412614","0"
"1020","Humpback","Female","Alaska","44","1998","1.767150994","-4.73862881705244","-0.359347993909763","0"
"1020","Humpback","Female","Alaska","44.5","1998.5","1.767150994","0","-0.0906166412466539","0"
"1020","Humpback","Female","Alaska","45","1999","1.767150994","0","-0.0906166412466539","0"
"1020","Humpback","Female","Alaska","45.5","1999.5","2.572644953","45.5815016223792","2.49434602629079","1"
"1021","Humpback","Female","Alaska","1","1968.5","1.790190005",NA,NA,"0"
"1021","Humpback","Female","Alaska","1.5","1969","1.609788811","-10.0772093183483","-0.562449783960312","0"
"1021","Humpback","Female","Alaska","2","1969.5","1.762881433","9.51010598122488","0.415129905614262","1"
"1021","Humpback","Female","Alaska","2.5","1970","1.820489001","3.26780729104202","0.10358417704197","0"
"1021","Humpback","Female","Alaska","3","1970.5","1.816249491","-0.232877539917645","-0.0711308534769162","0"
"1021","Humpback","Female","Alaska","3.5","1971","2.032675207","11.9160785493649","0.535209144668453","1"
"1021","Humpback","Female","Alaska","4","1971.5","1.749286616","-13.9416562972817","-0.75531975211391","0"
"1021","Humpback","Female","Alaska","4.5","1972","1.553189099","-11.2101421920443","-0.618993120810601","0"
"1021","Humpback","Female","Alaska","5","1972.5","1.412680542","-9.04645526359054","-0.511006070849727","0"
"1021","Humpback","Female","Alaska","5.5","1973","2.365335776","67.4359988459443","3.30614255839248","1"
"1021","Humpback","Female","Alaska","6","1973.5","1.818019981","-23.139031699151","-1.21434985668654","0"
"1021","Humpback","Female","Alaska","6.5","1974","1.673314811","-7.95949282803839","-0.45675706407801","0"
"1021","Humpback","Female","Alaska","7","1974.5","1.731842573","3.49771373654566","0.115058535226807","0"
"1021","Humpback","Female","Alaska","7.5","1975","1.54408193","-10.8416692098491","-0.600603071023695","0"
"1021","Humpback","Female","Alaska","8","1975.5","1.855998654","20.2007884387327","0.948689195303061","1"
"1021","Humpback","Female","Alaska","8.5","1976","1.874049994","0.972594455340589","-0.010967175050753","0"
"1021","Humpback","Female","Alaska","9","1976.5","2.020882916","7.83505896161275","0.331530294314243","1"
"1021","Humpback","Female","Alaska","9.5","1977","1.956097374","-3.20580383391197","-0.219506080972968","0"
"1021","Humpback","Female","Alaska","10","1977.5","1.702113637","-12.9842072473433","-0.707534604904752","0"
"1021","Humpback","Female","Alaska","10.5","1978","1.832836271","7.68001801750442","0.32379238456527","0"
"1021","Humpback","Female","Alaska","11","1978.5","1.785083912","-2.60538051082687","-0.189539664605143","0"
"1021","Humpback","Female","Alaska","11.5","1979","2.010435546","12.6241479453768","0.570548048942163","1"
"1021","Humpback","Female","Alaska","12","1979.5","2.078538716","3.38748338067835","0.109557068822536","0"
"1021","Humpback","Female","Alaska","12.5","1980","1.509554653","-27.3742345341043","-1.42572381015372","0"
"1021","Humpback","Female","Alaska","13","1980.5","2.324716854","54.0001780909353","2.63557667011337","1"
"1021","Humpback","Female","Alaska","13.5","1981","2.324716854","0","-0.059508211491542","0"
"1021","Humpback","Female","Alaska","14","1981.5","1.556358553","-33.051694002129","-1.70907908265729","0"
"1021","Humpback","Female","Alaska","14.5","1982","1.556358553","0","-0.059508211491542","0"
"1021","Humpback","Female","Alaska","15","1982.5","2.147264592","37.9672176350998","1.83539061777987","1"
"1021","Humpback","Female","Alaska","15.5","1983","2.147264592","0","-0.059508211491542","0"
"1021","Humpback","Female","Alaska","16","1983.5","1.3756307","-35.9356687981003","-1.85301484632205","0"
"1021","Humpback","Female","Alaska","16.5","1984","1.520484172","10.5299679630587","0.466030008275688","0"
"1021","Humpback","Female","Alaska","17","1984.5","1.674324684","10.1178634301495","0.445462359509531","0"
"1021","Humpback","Female","Alaska","17.5","1985","1.902780174","13.6446348897046","0.62147934274089","1"
"1021","Humpback","Female","Alaska","18","1985.5","1.505692812","-20.8687985835614","-1.10104521281591","0"
"1021","Humpback","Female","Alaska","18.5","1986","1.385692723","-7.9697590400664","-0.457269438551691","0"
"1021","Humpback","Female","Alaska","19","1986.5","1.522401288","9.86572006411554","0.432878182978653","0"
"1021","Humpback","Female","Alaska","19.5","1987","1.758522601","15.5097946159909","0.714567253888656","1"
"1021","Humpback","Female","Alaska","20","1987.5","1.758522601","0","-0.059508211491542","0"
"1021","Humpback","Female","Alaska","20.5","1988","1.179894239","-32.9042323181378","-1.701719444797","0"
"1021","Humpback","Female","Alaska","21","1988.5","1.093071808","-7.35849266232413","-0.426761858178301","0"
"1021","Humpback","Female","Alaska","21.5","1989","2.362710049","116.153232725219","5.73756195631636","1"
"1021","Humpback","Female","Alaska","22","1989.5","2.184016782","-7.56306374011617","-0.4369717581909","0"
"1021","Humpback","Female","Alaska","22.5","1990","1.935681653","-11.3705687175439","-0.62699981854323","0"
"1021","Humpback","Female","Alaska","23","1990.5","1.761604676","-8.99305816791766","-0.508341085096768","0"
"1021","Humpback","Female","Alaska","23.5","1991","1.761604676","0","-0.059508211491542","0"
"1021","Humpback","Female","Alaska","24","1991.5","2.376146648","34.8853508606377","1.68157830003184","1"
"1021","Humpback","Female","Alaska","24.5","1992","2.376146648","0","-0.059508211491542","0"
"1021","Humpback","Female","Alaska","25","1992.5","1.848587167","-22.2023115216414","-1.16759926293018","0"
"1021","Humpback","Female","Alaska","25.5","1993","1.899223595","2.73919612252723","0.0772018201891346","0"
"1021","Humpback","Female","Alaska","26","1993.5","1.899223595","0","-0.059508211491542","0"
"1021","Humpback","Female","Alaska","26.5","1994","2.014373373","6.06299217760088","0.243088541571462","0"
"1021","Humpback","Female","Alaska","27","1994.5","2.128389795","5.66014342366904","0.222982837763101","0"
"1021","Humpback","Female","Alaska","27.5","1995","1.929127271","-9.3621255123524","-0.526760798798547","0"
"1021","Humpback","Female","Alaska","28","1995.5","1.749776338","-9.29699847677909","-0.523510385648765","0"
"1021","Humpback","Female","Alaska","28.5","1996","1.704492243","-2.58799333472299","-0.18867189125498","0"
"1021","Humpback","Female","Alaska","29","1996.5","1.925500928","12.9662476263906","0.587621838527627","1"
"1021","Humpback","Female","Alaska","29.5","1997","1.697747122","-11.8282885605548","-0.649844073368314","0"
"1021","Humpback","Female","Alaska","30","1997.5","1.641043443","-3.33993668816833","-0.226200492739982","0"
"1021","Humpback","Female","Alaska","30.5","1998","1.868404288","13.8546511958489","0.631961007646271","0"
"1021","Humpback","Female","Alaska","31","1998.5","2.138710675","14.4672322117899","0.662534200053906","1"
"1021","Humpback","Female","Alaska","31.5","1999","2.138710675","0","-0.059508211491542","0"
"1021","Humpback","Female","Alaska","32","1999.5","1.648166496","-22.936444126553","-1.20423895106711","0"
"1021","Humpback","Female","Alaska","32.5","2000","1.66869194","1.24535015423587","0.00264573858124226","0"
"1021","Humpback","Female","Alaska","33","2000.5","1.66869194","0","-0.059508211491542","0"
"1021","Humpback","Female","Alaska","33.5","2001","1.433999134","-14.0644777130044","-0.761449623391258","0"
"1021","Humpback","Female","Alaska","34","2001.5","1.433999134","0","-0.059508211491542","0"
"1021","Humpback","Female","Alaska","34.5","2002","1.379115734","-3.82729659305359","-0.250524047920575","0"
"1021","Humpback","Female","Alaska","35","2002.5","1.379115734","0","-0.059508211491542","0"
"1021","Humpback","Female","Alaska","35.5","2003","1.705412088","23.6598238969841","1.12132555499747","1"
"1021","Humpback","Female","Alaska","36","2003.5","1.705412088","0","-0.059508211491542","0"
"1021","Humpback","Female","Alaska","36.5","2004","1.806155328","5.90726667817543","0.235316466478022","0"
"1021","Humpback","Female","Alaska","37","2004.5","1.806155328","0","-0.059508211491542","0"
"1021","Humpback","Female","Alaska","37.5","2005","1.388017962","-23.150686960186","-1.21493155694971","0"
"1021","Humpback","Female","Alaska","38","2005.5","1.388017962","0","-0.059508211491542","0"
"1021","Humpback","Female","Alaska","38.5","2006","1.468288781","5.78312537716281","0.229120721290321","0"
"1021","Humpback","Female","Alaska","39","2006.5","1.722960951","17.3448284353539","0.806151616730402","1"
"1021","Humpback","Female","Alaska","39.5","2007","1.722960951","0","-0.059508211491542","0"
"1021","Humpback","Female","Alaska","40","2007.5","1.722960951","0","-0.059508211491542","0"
"1021","Humpback","Female","Alaska","40.5","2008","1.406256509","-18.3814056735404","-0.976902381006724","0"
"1021","Humpback","Female","Alaska","41","2008.5","1.406256509","0","-0.059508211491542","0"
"1021","Humpback","Female","Alaska","41.5","2009","1.406256509","0","-0.059508211491542","0"
"1021","Humpback","Female","Alaska","42","2009.5","1.406256509","0","-0.059508211491542","0"
"1021","Humpback","Female","Alaska","42.5","2010","1.221640349","-13.1281995011907","-0.714721087618918","0"
"1021","Humpback","Female","Alaska","43","2010.5","1.381154563","13.0573792958438","0.592170112130818","1"
"1021","Humpback","Female","Alaska","43.5","2011","1.381154563","0","-0.059508211491542","0"
"1021","Humpback","Female","Alaska","44","2011.5","1.381154563","0","-0.059508211491542","0"
"1021","Humpback","Female","Alaska","44.5","2012","1.381154563","0","-0.059508211491542","0"
"1021","Humpback","Female","Alaska","45","2012.5","1.381154563","0","-0.059508211491542","0"
"1021","Humpback","Female","Alaska","45.5","2013","1.381154563","0","-0.059508211491542","0"
"1021","Humpback","Female","Alaska","46","2013.5","1.381154563","0","-0.059508211491542","0"
"1021","Humpback","Female","Alaska","46.5","2014","1.20840653","-12.5075091251753","-0.683743166662068","0"
"1022","Humpback","Female","Alaska","1","1945","2.684232403",NA,NA,"0"
"1022","Humpback","Female","Alaska","1.5","1945.5","2.493286553","-7.11361094466306","-0.463892980361658","0"
"1022","Humpback","Female","Alaska","2","1946","2.704523448","8.47222693860975","0.333114588558463","0"
"1022","Humpback","Female","Alaska","2.5","1946.5","3.725112523","37.7363736947715","1.82958507909795","1"
"1022","Humpback","Female","Alaska","3","1947","3.397671005","-8.79011079472834","-0.549623569875199","0"
"1022","Humpback","Female","Alaska","3.5","1947.5","3.061800145","-9.88532613975084","-0.605629215905768","0"
"1022","Humpback","Female","Alaska","4","1948","3.031332568","-0.995087058499046","-0.151012153266382","0"
"1022","Humpback","Female","Alaska","4.5","1948.5","2.556906508","-15.6507426802403","-0.900453315525008","0"
"1022","Humpback","Female","Alaska","5","1949","2.556906508","0","-0.100126732585254","0"
"1022","Humpback","Female","Alaska","5.5","1949.5","3.196065633","24.9973600129771","1.1781545688484","1"
"1022","Humpback","Female","Alaska","6","1950","3.58085744","12.0395464669733","0.515535366071728","0"
"1022","Humpback","Female","Alaska","6.5","1950.5","3.58085744","0","-0.100126732585254","0"
"1022","Humpback","Female","Alaska","7","1951","1.695631788","-52.6473249379065","-2.79233466989106","0"
"1022","Humpback","Female","Alaska","7.5","1951.5","1.695631788","0","-0.100126732585254","0"
"1022","Humpback","Female","Alaska","8","1952","2.571944378","51.6805945843709","2.54264585099474","1"
"1022","Humpback","Female","Alaska","8.5","1952.5","2.411163741","-6.25132636519248","-0.419798633843481","0"
"1022","Humpback","Female","Alaska","9","1953","2.411163741","0","-0.100126732585254","0"
"1022","Humpback","Female","Alaska","9.5","1953.5","2.411163741","0","-0.100126732585254","0"
"1022","Humpback","Female","Alaska","10","1954","2.411163741","0","-0.100126732585254","0"
"1022","Humpback","Female","Alaska","10.5","1954.5","2.491703657","3.34029226760837","0.0706846308863512","1"
"1022","Humpback","Female","Alaska","11","1955","2.491703657","0","-0.100126732585254","0"
"1022","Humpback","Female","Alaska","11.5","1955.5","2.323843559","-6.73676010902928","-0.444622090300858","0"
"1022","Humpback","Female","Alaska","12","1956","2.323843559","0","-0.100126732585254","0"
"1022","Humpback","Female","Alaska","12.5","1956.5","2.08232151","-10.393214640659","-0.631600933462625","0"
"1022","Humpback","Female","Alaska","13","1957","2.08232151","0","-0.100126732585254","0"
"1022","Humpback","Female","Alaska","13.5","1957.5","2.827862853","35.8033732744758","1.73073790917102","1"
"1022","Humpback","Female","Alaska","14","1958","2.136255251","-24.4569004209767","-1.35077073990961","0"
"1022","Humpback","Female","Alaska","14.5","1958.5","2.611816235","22.2614307806797","1.03824830763218","1"
"1022","Humpback","Female","Alaska","15","1959","2.611816235","0","-0.100126732585254","0"
"1022","Humpback","Female","Alaska","15.5","1959.5","2.322698071","-11.0696212132244","-0.666190101015851","0"
"1022","Humpback","Female","Alaska","16","1960","2.322698071","0","-0.100126732585254","0"
"1022","Humpback","Female","Alaska","16.5","1960.5","2.193719889","-5.55294653275665","-0.384085827345609","0"
"1022","Humpback","Female","Alaska","17","1961","2.891441005","31.8053877114664","1.52629431248946","1"
"1022","Humpback","Female","Alaska","17.5","1961.5","2.891441005","0","-0.100126732585254","0"
"1022","Humpback","Female","Alaska","18","1962","2.361807975","-18.3172691085219","-1.0368105497002","0"
"1022","Humpback","Female","Alaska","18.5","1962.5","3.072955263","30.1102924339139","1.43961281507058","1"
"1022","Humpback","Female","Alaska","19","1963","3.072955263","0","-0.100126732585254","0"
"1022","Humpback","Female","Alaska","19.5","1963.5","2.196439847","-28.5235332435102","-1.55872472761641","0"
"1022","Humpback","Female","Alaska","20","1964","2.638440635","20.123509806276","0.92892218662963","1"
"1022","Humpback","Female","Alaska","20.5","1964.5","2.638440635","0","-0.100126732585254","0"
"1022","Humpback","Female","Alaska","21","1965","2.041895744","-22.6097522561844","-1.25631376690104","0"
"1022","Humpback","Female","Alaska","21.5","1965.5","2.041895744","0","-0.100126732585254","0"
"1022","Humpback","Female","Alaska","22","1966","2.287673369","12.0367372194298","0.515391710557539","1"
"1022","Humpback","Female","Alaska","22.5","1966.5","2.287673369","0","-0.100126732585254","0"
"1022","Humpback","Female","Alaska","23","1967","1.890167215","-17.3760012852604","-0.988677264525616","0"
"1022","Humpback","Female","Alaska","23.5","1967.5","1.890167215","0","-0.100126732585254","0"
"1022","Humpback","Female","Alaska","24","1968","1.890167215","0","-0.100126732585254","0"
"1022","Humpback","Female","Alaska","24.5","1968.5","4.030921283","113.257390722439","5.69147705015426","1"
"1022","Humpback","Female","Alaska","25","1969","4.030921283","0","-0.100126732585254","0"
"1022","Humpback","Female","Alaska","25.5","1969.5","3.447260005","-14.4795999976862","-0.840564999653148","0"
"1022","Humpback","Female","Alaska","26","1970","3.447260005","0","-0.100126732585254","0"
"1022","Humpback","Female","Alaska","26.5","1970.5","3.447260005","0","-0.100126732585254","0"
"1022","Humpback","Female","Alaska","27","1971","3.447260005","0","-0.100126732585254","0"
"1022","Humpback","Female","Alaska","27.5","1971.5","3.509952525","1.818618842474","-0.00712865360561045","0"
"1022","Humpback","Female","Alaska","28","1972","3.509952525","0","-0.100126732585254","0"
"1022","Humpback","Female","Alaska","28.5","1972.5","4.099196275","16.7877982908045","0.758345067486225","0"
"1022","Humpback","Female","Alaska","29","1973","4.794399763","16.9595072146186","0.767125686979118","1"
"1022","Humpback","Female","Alaska","29.5","1973.5","4.794399763","0","-0.100126732585254","0"
"1022","Humpback","Female","Alaska","30","1974","2.492505057","-48.0121562612383","-2.55530766202703","0"
"1022","Humpback","Female","Alaska","30.5","1974.5","2.492505057","0","-0.100126732585254","0"
"1022","Humpback","Female","Alaska","31","1975","2.43061577","-2.48301550386783","-0.227099832469256","0"
"1022","Humpback","Female","Alaska","31.5","1975.5","2.43061577","0","-0.100126732585254","0"
"1022","Humpback","Female","Alaska","32","1976","1.807995963","-25.6157231712522","-1.41002905569112","0"
"1022","Humpback","Female","Alaska","32.5","1976.5","2.365736545","30.8485523980122","1.47736495798543","1"
"1022","Humpback","Female","Alaska","33","1977","3.074254205","29.9491362002019","1.43137182481974","0"
"1022","Humpback","Female","Alaska","33.5","1977.5","2.930018035","-4.69174506667057","-0.340046867619719","0"
"1022","Humpback","Female","Alaska","34","1978","2.930018035","0","-0.100126732585254","0"
"1022","Humpback","Female","Alaska","34.5","1978.5","2.572003815","-12.2188401478559","-0.724957309818314","0"
"1022","Humpback","Female","Alaska","35","1979","2.356517566","-8.37814655418775","-0.528557097844994","0"
"1022","Humpback","Female","Alaska","35.5","1979.5","1.832142286","-22.2521269336466","-1.23802600521413","0"
"1022","Humpback","Female","Alaska","36","1980","1.987744073","8.49288770795829","0.334171111131958","1"
"1022","Humpback","Female","Alaska","36.5","1980.5","1.987744073","0","-0.100126732585254","0"
"1022","Humpback","Female","Alaska","37","1981","2.49649917","25.594597609951","1.20869530004276","1"
"1022","Humpback","Female","Alaska","37.5","1981.5","2.450241429","-1.85290432121393","-0.194878056161975","0"
"1022","Humpback","Female","Alaska","38","1982","2.450241429","0","-0.100126732585254","0"
"1022","Humpback","Female","Alaska","38.5","1982.5","2.212117863","-9.71837155235694","-0.597091717260174","0"
"1022","Humpback","Female","Alaska","39","1983","2.077508893","-6.08507224011327","-0.411296954495556","0"
"1022","Humpback","Female","Alaska","39.5","1983.5","2.257601491","8.66868000453849","0.343160540637229","1"
"1022","Humpback","Female","Alaska","40","1984","1.759094868","-22.0812497239797","-1.22928791679819","0"
"1022","Humpback","Female","Alaska","40.5","1984.5","1.759094868","0","-0.100126732585254","0"
"1022","Humpback","Female","Alaska","41","1985","2.257033259","28.3065114939554","1.34737349674919","1"
"1022","Humpback","Female","Alaska","41.5","1985.5","2.257033259","0","-0.100126732585254","0"
"1022","Humpback","Female","Alaska","42","1986","2.161434565","-4.23559084115384","-0.316720667703196","0"
"1022","Humpback","Female","Alaska","42.5","1986.5","2.598167745","20.2057090726686","0.933125581914837","1"
"1022","Humpback","Female","Alaska","43","1987","2.598167745","0","-0.100126732585254","0"
"1022","Humpback","Female","Alaska","43.5","1987.5","2.598167745","0","-0.100126732585254","0"
"1022","Humpback","Female","Alaska","44","1988","2.88065157","10.8724244438651","0.455852653263012","1"
"1022","Humpback","Female","Alaska","44.5","1988.5","2.88065157","0","-0.100126732585254","0"
"1022","Humpback","Female","Alaska","45","1989","2.88065157","0","-0.100126732585254","0"
"1022","Humpback","Female","Alaska","45.5","1989.5","2.88065157","0","-0.100126732585254","0"
"1022","Humpback","Female","Alaska","46","1990","2.88065157","0","-0.100126732585254","0"
"1022","Humpback","Female","Alaska","46.5","1990.5","2.88065157","0","-0.100126732585254","0"
"1022","Humpback","Female","Alaska","47","1991","2.88065157","0","-0.100126732585254","0"
"1022","Humpback","Female","Alaska","47.5","1991.5","2.88065157","0","-0.100126732585254","0"
"1022","Humpback","Female","Alaska","48","1992","2.278593352","-20.9000708127988","-1.16888638179503","0"
"1022","Humpback","Female","Alaska","48.5","1992.5","2.278593352","0","-0.100126732585254","0"
"1022","Humpback","Female","Alaska","49","1993","2.278593352","0","-0.100126732585254","0"
"1022","Humpback","Female","Alaska","49.5","1993.5","1.582858053","-30.5335437931182","-1.66150993773117","0"
"1022","Humpback","Female","Alaska","50","1994","2.5824339","63.1500623258983","3.12915603222107","1"
"1022","Humpback","Female","Alaska","50.5","1994.5","2.5824339","0","-0.100126732585254","0"
"1022","Humpback","Female","Alaska","51","1995","2.5824339","0","-0.100126732585254","0"
"1022","Humpback","Female","Alaska","51.5","1995.5","2.5824339","0","-0.100126732585254","0"
"1022","Humpback","Female","Alaska","52","1996","2.5824339","0","-0.100126732585254","0"
"1022","Humpback","Female","Alaska","52.5","1996.5","3.388317653","31.2063651658228","1.49566230499604","1"
"1022","Humpback","Female","Alaska","53","1997","3.388317653","0","-0.100126732585254","0"
"1022","Humpback","Female","Alaska","53.5","1997.5","3.388317653","0","-0.100126732585254","0"
"1022","Humpback","Female","Alaska","54","1998","3.388317653","0","-0.100126732585254","0"
"1022","Humpback","Female","Alaska","54.5","1998.5","3.388317653","0","-0.100126732585254","0"
"1022","Humpback","Female","Alaska","55","1999","3.388317653","0","-0.100126732585254","0"
"1022","Humpback","Female","Alaska","55.5","1999.5","3.388317653","0","-0.100126732585254","0"
"1022","Humpback","Female","Alaska","56","2000","3.388317653","0","-0.100126732585254","0"
"1022","Humpback","Female","Alaska","56.5","2000.5","3.388317653","0","-0.100126732585254","0"
"1022","Humpback","Female","Alaska","57","2001","3.388317653","0","-0.100126732585254","0"
"1022","Humpback","Female","Alaska","57.5","2001.5","3.388317653","0","-0.100126732585254","0"
"1022","Humpback","Female","Alaska","58","2002","3.611842308","6.59692147818822","0.237217745720307","1"
"1040","Blue","Female","Unknown","1","1936.5","0.460723063",NA,NA,"0"
"1040","Blue","Female","Unknown","1.5","1937","0.393432643","-14.6053943038662","-0.646751168502397","0"
"1040","Blue","Female","Unknown","2","1937.5","0.436147262","10.8569077223213","0.281744361263549","0"
"1040","Blue","Female","Unknown","2.5","1938","0.40251586","-7.71101986191076","-0.395344369411549","0"
"1040","Blue","Female","Unknown","3","1938.5","0.533833104","32.6241167242453","1.07549648285024","1"
"1040","Blue","Female","Unknown","3.5","1939","0.533833104","0","-0.114158188195216","0"
"1040","Blue","Female","Unknown","4","1939.5","0.475506307","-10.9260359769671","-0.512581533902218","0"
"1040","Blue","Female","Unknown","4.5","1940","0.617386863","29.8377863576897","0.973891557767769","1"
"1040","Blue","Female","Unknown","5","1940.5","0.350015138","-43.3069993910771","-1.69336949834447","0"
"1040","Blue","Female","Unknown","5.5","1941","0.459605286","31.310116649869","1.02758081544846","0"
"1040","Blue","Female","Unknown","6","1941.5","0.749736734","63.1262208764065","2.18777090817947","1"
"1040","Blue","Female","Unknown","6.5","1942","0.709077866","-5.42308601888513","-0.311913721881538","0"
"1040","Blue","Female","Unknown","7","1942.5","0.45649861","-35.6208066999513","-1.41308865228074","0"
"1040","Blue","Female","Unknown","7.5","1943","0.418899187","-8.23648137723793","-0.4145055853748","0"
"1040","Blue","Female","Unknown","8","1943.5","0.594581636","41.9390761433968","1.41517111917095","1"
"1040","Blue","Female","Unknown","8.5","1944","0.457474721","-23.0593928064068","-0.955030436032248","0"
"1040","Blue","Female","Unknown","9","1944.5","0.517232922","13.0626236285524","0.362176890763939","0"
"1040","Blue","Female","Unknown","9.5","1945","0.45711662","-11.6226750933693","-0.537984826376492","0"
"1040","Blue","Female","Unknown","10","1945.5","0.612353703","33.9600610015011","1.12421235654354","1"
"1040","Blue","Female","Unknown","10.5","1946","0.622257648","1.61735692157642","-0.0551804622152466","0"
"1040","Blue","Female","Unknown","11","1946.5","0.514429492","-17.3285384834676","-0.746051977795584","0"
"1040","Blue","Female","Unknown","11.5","1947","0.311389317","-39.4689997672217","-1.55341492980907","0"
"1040","Blue","Female","Unknown","12","1947.5","0.508166625","63.1933394169717","2.19021841920243","1"
"1040","Blue","Female","Unknown","12.5","1948","0.320104732","-37.0079190068809","-1.46367039367014","0"
"1040","Blue","Female","Unknown","13","1948.5","0.426193081","33.1417621780112","1.09437268223437","1"
"1040","Blue","Female","Unknown","13.5","1949","0.488596278","14.6420014265788","0.419769689080873","0"
"1040","Blue","Female","Unknown","14","1949.5","0.547833902","12.1240432371857","0.327951089152849","0"
"1040","Blue","Female","Unknown","14.5","1950","0.564032581","2.95685954097816","-0.0063348318026806","0"
"1040","Blue","Female","Unknown","15","1950.5","0.533119795","-5.48067381944378","-0.314013689721554","0"
"1040","Blue","Female","Unknown","15.5","1951","0.506368866","-5.01780823951584","-0.297135065730542","0"
"1040","Blue","Female","Unknown","16","1951.5","0.548711841","8.36208105258985","0.190769263725073","0"
"1040","Blue","Female","Unknown","16.5","1952","0.563713884","2.73404761462036","-0.0144597797115139","0"
"1040","Blue","Female","Unknown","17","1952.5","0.571186699","1.32563969277719","-0.0658180763091028","0"
"1040","Blue","Female","Unknown","17.5","1953","0.571186699","0","-0.114158188195216","0"
"1040","Blue","Female","Unknown","18","1953.5","0.275900186","-51.697021922424","-1.99931585020924","0"
"1040","Blue","Female","Unknown","18.5","1954","0.367890167","33.3417611396608","1.10166574401875","1"
"1040","Blue","Female","Unknown","19","1954.5","0.424035561","15.2614554658646","0.442358389261274","0"
"1040","Blue","Female","Unknown","19.5","1955","0.368601753","-13.0729148916829","-0.590868543191961","0"
"1041","Blue","Female","Unknown","1","1935","0.793953484",NA,NA,"0"
"1041","Blue","Female","Unknown","1.5","1935.5","0.799311645","0.674870897096532","-0.0691180438880879","0"
"1041","Blue","Female","Unknown","2","1936","0.706665474","-11.5907445587134","-0.569631145909274","0"
"1041","Blue","Female","Unknown","2.5","1936.5","0.623873726","-11.7158331694581","-0.574735536212142","0"
"1041","Blue","Female","Unknown","3","1937","0.884018462","41.6982996972692","1.60489201115516","1"
"1041","Blue","Female","Unknown","3.5","1937.5","0.8150542","-7.80122417850591","-0.414995236483977","0"
"1041","Blue","Female","Unknown","4","1938","0.894775574","9.78111320694992","0.302473059932339","1"
"1041","Blue","Female","Unknown","4.5","1938.5","0.807647828","-9.73738538821579","-0.49400260929591","0"
"1041","Blue","Female","Unknown","5","1939","0.918581772","13.7354351926766","0.463833895888527","1"
"1041","Blue","Female","Unknown","5.5","1939.5","0.747846004","-18.5868883102549","-0.855117155468747","0"
"1041","Blue","Female","Unknown","6","1940","0.849757338","13.6273154439427","0.459421940286011","1"
"1041","Blue","Female","Unknown","6.5","1940.5","0.881154937","3.69489001105867","0.0541174464416269","0"
"1041","Blue","Female","Unknown","7","1941","0.790524552","-10.2854085240176","-0.516365348505187","0"
"1041","Blue","Female","Unknown","7.5","1941.5","0.790524552","0","-0.0966569576414624","0"
"1041","Blue","Female","Unknown","8","1942","0.775797741","-1.86291633355874","-0.172675485718972","0"
"1041","Blue","Female","Unknown","8.5","1942.5","0.816415818","5.23565290969312","0.116990118477778","0"
"1041","Blue","Female","Unknown","9","1943","1.338527537","63.9516907302254","2.51296823582757","1"
"1041","Blue","Female","Unknown","9.5","1943.5","0.702995475","-47.4799392939198","-2.03413264203697","0"
"1041","Blue","Female","Unknown","10","1944","0.702995475","0","-0.0966569576414624","0"
"1041","Blue","Female","Unknown","10.5","1944.5","0.702995475","0","-0.0966569576414624","0"
"1041","Blue","Female","Unknown","11","1945","0.702995475","0","-0.0966569576414624","0"
"1041","Blue","Female","Unknown","11.5","1945.5","0.702995475","0","-0.0966569576414624","0"
"1041","Blue","Female","Unknown","12","1946","0.639467877","-9.03670084078423","-0.465410338680809","0"
"1041","Blue","Female","Unknown","12.5","1946.5","0.775266971","21.2362651642625","0.769914230001208","1"
"1041","Blue","Female","Unknown","13","1947","0.775266971","0","-0.0966569576414624","0"
"1041","Blue","Female","Unknown","13.5","1947.5","0.775266971","0","-0.0966569576414624","0"
"1041","Blue","Female","Unknown","14","1948","0.768822397","-0.831271580122556","-0.130577988240226","0"
"1041","Blue","Female","Unknown","14.5","1948.5","1.28754048","67.4691690856139","2.65650314520824","1"
"1041","Blue","Female","Unknown","15","1949","0.877510034","-31.8460236683199","-1.39617202483859","0"
"1041","Blue","Female","Unknown","15.5","1949.5","0.877510034","0","-0.0966569576414624","0"
"1041","Blue","Female","Unknown","16","1950","0.877510034","0","-0.0966569576414624","0"
"1041","Blue","Female","Unknown","16.5","1950.5","0.492502386","-43.8750137414383","-1.88702934523719","0"
"1041","Blue","Female","Unknown","17","1951","0.492502386","0","-0.0966569576414624","0"
"1041","Blue","Female","Unknown","17.5","1951.5","0.86480204","75.593472150204","2.98802504423305","1"
"1041","Blue","Female","Unknown","18","1952","0.769044921","-11.0727212206854","-0.548492584312436","0"
"1041","Blue","Female","Unknown","18.5","1952.5","0.657950878","-14.4457157139199","-0.686131656969775","0"
"1041","Blue","Female","Unknown","19","1953","0.71211278","8.2319066378691","0.239255833829351","1"
"1041","Blue","Female","Unknown","19.5","1953.5","0.740227178","3.94802604160538","0.0644469647881565","0"
"1041","Blue","Female","Unknown","20","1954","0.740227178","0","-0.0966569576414624","0"
"1041","Blue","Female","Unknown","20.5","1954.5","0.740227178","0","-0.0966569576414624","0"
"1041","Blue","Female","Unknown","21","1955","0.710892087","-3.96298486084499","-0.258371292573182","0"
"1060","Minke","Female","Pacific","1.5","1922","2.249424691",NA,NA,"0"
"1060","Minke","Female","Pacific","2","1922.5","1.956330239","-13.0297517037435","-0.666379280525286","0"
"1060","Minke","Female","Pacific","2.5","1923","2.011082217","2.79870836265287","0.048183453262614","0"
"1060","Minke","Female","Pacific","3","1923.5","2.018285022","0.358155670569503","-0.0619932787942741","0"
"1060","Minke","Female","Pacific","3.5","1924","2.082232091","3.16838644210083","0.0648722643006882","0"
"1060","Minke","Female","Pacific","4","1924.5","1.974145576","-5.19089660884493","-0.312500652858306","0"
"1060","Minke","Female","Pacific","4.5","1925","2.035379859","3.10181193040851","0.0618668130517416","0"
"1060","Minke","Female","Pacific","5","1925.5","1.921490444","-5.595486979809","-0.330765550411677","0"
"1060","Minke","Female","Pacific","5.5","1926","2.685369465","39.7545053312792","1.71652233148832","1"
"1060","Minke","Female","Pacific","6","1926.5","1.812414793","-32.5078051038314","-1.54569988581789","0"
"1060","Minke","Female","Pacific","6.5","1927","1.812414793","0","-0.0781619202167652","0"
"1060","Minke","Female","Pacific","7","1927.5","1.745817437","-3.67450962424362","-0.244044617043586","0"
"1060","Minke","Female","Pacific","7.5","1928","2.510423633","43.7964577392407","1.89899292877689","1"
"1060","Minke","Female","Pacific","8","1928.5","1.796157764","-28.45200545481","-1.3626041662884","0"
"1060","Minke","Female","Pacific","8.5","1929","1.81624324","1.1182467599767","-0.0276795954355439","0"
"1060","Minke","Female","Pacific","9","1929.5","1.955766037","7.68194446246088","0.268633106771137","1"
"1060","Minke","Female","Pacific","9.5","1930","1.955766037","0","-0.0781619202167652","0"
"1060","Minke","Female","Pacific","10","1930.5","1.923724735","-1.63829933610817","-0.152121588274283","0"
"1060","Minke","Female","Pacific","10.5","1931","1.715410187","-10.8287087133597","-0.567015015789742","0"
"1060","Minke","Female","Pacific","11","1931.5","1.755802623","2.35468089825445","0.0281382007550097","0"
"1060","Minke","Female","Pacific","11.5","1932","1.669104938","-4.93778081114074","-0.301073949590034","0"
"1060","Minke","Female","Pacific","12","1932.5","1.939511456","16.2006900730887","0.653204829253282","1"
"1060","Minke","Female","Pacific","12.5","1933","1.681564848","-13.2995660944423","-0.678559827958471","0"
"1060","Minke","Female","Pacific","13","1933.5","1.821026119","8.29354105289908","0.296243128833022","1"
"1060","Minke","Female","Pacific","13.5","1934","1.692263417","-7.07088715842852","-0.397371270781387","0"
"1060","Minke","Female","Pacific","14","1934.5","1.78553904","5.51188556479916","0.170667593266389","1"
"1060","Minke","Female","Pacific","14.5","1935","1.458732815","-18.3029448070763","-0.904433220321264","0"
"1060","Minke","Female","Pacific","15","1935.5","1.458732815","0","-0.0781619202167652","0"
"1060","Minke","Female","Pacific","15.5","1936","1.357842536","-6.91629597706693","-0.390392379802108","0"
"1060","Minke","Female","Pacific","16","1936.5","1.381645354","1.75298809463722","0.000975276955112982","0"
"1060","Minke","Female","Pacific","16.5","1937","1.697234456","22.8415418679141","0.953000589124131","1"
"1060","Minke","Female","Pacific","17","1937.5","1.579836818","-6.91699591561909","-0.390423977948941","0"
"1060","Minke","Female","Pacific","17.5","1938","1.689951315","6.96999182101604","0.236492593817613","1"
"1060","Minke","Female","Pacific","18","1938.5","1.610264672","-4.71532181387131","-0.291031222213033","0"
"1060","Minke","Female","Pacific","18.5","1939","1.753038668","8.86649247683427","0.322108546826777","1"
"1060","Minke","Female","Pacific","19","1939.5","1.412744611","-19.41166861928","-0.954485639504224","0"
"1060","Minke","Female","Pacific","19.5","1940","1.481263416","4.85004893782604","0.140789526321969","1"
"1060","Minke","Female","Pacific","20","1940.5","1.386618967","-6.38944079612643","-0.366607938559944","0"
"1060","Minke","Female","Pacific","20.5","1941","1.746210192","25.9329515575565","1.0925597218397","1"
"1060","Minke","Female","Pacific","21","1941.5","2.094228274","19.9299078423888","0.821557280025085","0"
"1060","Minke","Female","Pacific","21.5","1942","2.094228274","0","-0.0781619202167652","0"
"1060","Minke","Female","Pacific","22","1942.5","2.046624698","-2.27308439060831","-0.180778434360928","0"
"1060","Minke","Female","Pacific","22.5","1943","1.847538684","-9.72752914564895","-0.517303175282577","0"
"1060","Minke","Female","Pacific","23","1943.5","1.956119574","5.8770563745338","0.187152927342411","1"
"1060","Minke","Female","Pacific","23.5","1944","1.930239998","-1.32300582970394","-0.137887923790391","0"
"1060","Minke","Female","Pacific","24","1944.5","1.958276571","1.45249155695923","-0.0125903906181233","0"
"1060","Minke","Female","Pacific","24.5","1945","1.891350644","-3.41759320369257","-0.232446337801393","0"
"1060","Minke","Female","Pacific","25","1945.5","2.108213346","11.4660231135861","0.43946220666298","1"
"1060","Minke","Female","Pacific","25.5","1946","1.923639264","-8.75500016875426","-0.473399159256839","0"
"1060","Minke","Female","Pacific","26","1946.5","1.761806727","-8.41283186658847","-0.457952254353549","0"
"1060","Minke","Female","Pacific","26.5","1947","1.957419486","11.1029635658781","0.423072183764367","1"
"1060","Minke","Female","Pacific","27","1947.5","1.849685321","-5.50388742783774","-0.326630364424173","0"
"1060","Minke","Female","Pacific","27.5","1948","1.784433805","-3.52770902483688","-0.237417425441007","0"
"1060","Minke","Female","Pacific","28","1948.5","1.713366309","-3.98263560132453","-0.257954709346338","0"
"1060","Minke","Female","Pacific","28.5","1949","1.383572427","-19.2482996932794","-0.947110484505615","0"
"1060","Minke","Female","Pacific","29","1949.5","1.757621435","27.0350146259456","1.14231144725401","1"
"1060","Minke","Female","Pacific","29.5","1950","1.937800672","10.2513108575056","0.384625026872299","0"
"1060","Minke","Female","Pacific","30","1950.5","1.72801741","-10.8258431855885","-0.56688565390935","0"
"1060","Minke","Female","Pacific","30.5","1951","1.77233836","2.56484395027015","0.0376258378567621","0"
"1060","Minke","Female","Pacific","31","1951.5","1.77233836","0","-0.0781619202167652","0"
"1060","Minke","Female","Pacific","31.5","1952","1.496653128","-15.5548871604855","-0.780374431511893","0"
"1060","Minke","Female","Pacific","32","1952.5","2.24933736","50.2911608520689","2.19219092731724","1"
"1060","Minke","Female","Pacific","32.5","1953","1.529084251","-32.0206795925001","-1.5237090076393","0"
"1060","Minke","Female","Pacific","33","1953.5","1.534334402","0.34335263060662","-0.0626615497858853","0"
"1060","Minke","Female","Pacific","33.5","1954","1.824395368","18.904677208691","0.775274091306466","1"
"1060","Minke","Female","Pacific","34","1954.5","1.954644455","7.13930156174349","0.244135941981847","0"
"1060","Minke","Female","Pacific","34.5","1955","1.675495021","-14.2813406952826","-0.722881230027732","0"
"1060","Minke","Female","Pacific","35","1955.5","1.68308293","0.452875651965317","-0.0577172236021318","0"
"1060","Minke","Female","Pacific","35.5","1956","2.571541773","52.7875856360803","2.30488995873762","1"
"1060","Minke","Female","Pacific","36","1956.5","2.038358096","-20.7340080024436","-1.01418155690018","0"
"1060","Minke","Female","Pacific","36.5","1957","1.861944444","-8.65469381195521","-0.468870911769087","0"
"1060","Minke","Female","Pacific","37","1957.5","1.822191992","-2.13499667662479","-0.174544578762046","0"
"1060","Minke","Female","Pacific","37.5","1958","2.290638942","25.7078810606473","1.08239910047212","0"
"1060","Minke","Female","Pacific","38","1958.5","5.18672336","126.431292374318","5.62947416922992","1"
"1060","Minke","Female","Pacific","38.5","1959","5.18672336","0","-0.0781619202167652","0"
"1060","Minke","Female","Pacific","39","1959.5","1.449583521","-72.0520370880162","-3.33089152124115","0"
"1060","Minke","Female","Pacific","39.5","1960","1.71700736","18.4483222336521","0.754672323530343","1"
"1060","Minke","Female","Pacific","40","1960.5","1.790642685","4.28858528597105","0.115442714294197","0"
"1060","Minke","Female","Pacific","40.5","1961","1.790642685","0","-0.0781619202167652","0"
"1060","Minke","Female","Pacific","41","1961.5","1.911593939","6.75462810158578","0.22677017688828","1"
"1060","Minke","Female","Pacific","41.5","1962","1.911593939","0","-0.0781619202167652","0"
"1060","Minke","Female","Pacific","42","1962.5","1.291106579","-32.4591612968072","-1.54350390139595","0"
"1060","Minke","Female","Pacific","42.5","1963","1.532169529","18.6710341284691","0.76472646775789","1"
"1060","Minke","Female","Pacific","43","1963.5","1.532169529","0","-0.0781619202167652","0"
"1060","Minke","Female","Pacific","43.5","1964","1.173663557","-23.3985838521398","-1.13447162905864","0"
"1060","Minke","Female","Pacific","44","1964.5","1.343204133","14.4454153823573","0.57396440559258","1"
"1060","Minke","Female","Pacific","44.5","1965","1.343204133","0","-0.0781619202167652","0"
"1060","Minke","Female","Pacific","45","1965.5","1.343204133","0","-0.0781619202167652","0"
"1060","Minke","Female","Pacific","45.5","1966","1.057820768","-21.2464626923538","-1.03731589988924","0"
"1060","Minke","Female","Pacific","46","1966.5","1.115336385","5.43717978885436","0.167295062820285","0"
"1060","Minke","Female","Pacific","46.5","1967","1.328380212","19.101307001654","0.784150780625225","1"
